"guname";"xcode";"ycode"
"용산구";37.5549;126.97
"용산구";37.5531;126.976
"용산구";37.5552;126.977
"용산구";37.5532;126.979
"용산구";37.5537;126.985
"용산구";37.5472;126.995
"용산구";37.5497;126.998
"용산구";37.5502;127.004
"용산구";37.5482;127.006
"용산구";37.5462;127.005
"용산구";37.5439;127.007
"용산구";37.5441;127.009
"용산구";37.5396;127.01
"용산구";37.5377;127.017
"용산구";37.5338;127.017
"용산구";37.5229;127.006
"용산구";37.5131;126.991
"용산구";37.5065;126.986
"용산구";37.507;126.975
"용산구";37.5175;126.95
"용산구";37.527;126.95
"용산구";37.5345;126.945
"용산구";37.5375;126.953
"용산구";37.5423;126.958
"용산구";37.5455;126.958
"용산구";37.5488;126.964
"용산구";37.5516;126.962
"용산구";37.5541;126.966
"용산구";37.5557;126.969
"용산구";37.5549;126.97
"중구";37.5441;127.009
"중구";37.5439;127.007
"중구";37.5462;127.005
"중구";37.5482;127.006
"중구";37.5502;127.004
"중구";37.5497;126.998
"중구";37.5472;126.995
"중구";37.5537;126.985
"중구";37.5532;126.979
"중구";37.5552;126.977
"중구";37.5531;126.976
"중구";37.5549;126.972
"중구";37.5549;126.969
"중구";37.5557;126.969
"중구";37.5516;126.962
"중구";37.555;126.962
"중구";37.557;126.963
"중구";37.559;126.962
"중구";37.562;126.969
"중구";37.5658;126.967
"중구";37.5682;126.969
"중구";37.5695;126.976
"중구";37.5681;126.989
"중구";37.5696;127.002
"중구";37.5697;127.015
"중구";37.572;127.022
"중구";37.5719;127.023
"중구";37.5697;127.023
"중구";37.5652;127.024
"중구";37.5651;127.027
"중구";37.5634;127.027
"중구";37.5607;127.023
"중구";37.5578;127.023
"중구";37.5569;127.018
"중구";37.5526;127.016
"중구";37.5475;127.009
"중구";37.545;127.008
"중구";37.5441;127.009
"종로구";37.6318;126.975
"종로구";37.6322;126.976
"종로구";37.629;126.975
"종로구";37.6286;126.98
"종로구";37.6264;126.98
"종로구";37.6212;126.984
"종로구";37.6178;126.984
"종로구";37.614;126.987
"종로구";37.6114;126.986
"종로구";37.604;126.987
"종로구";37.601;126.979
"종로구";37.5979;126.977
"종로구";37.5945;126.985
"종로구";37.5913;126.989
"종로구";37.5923;127.001
"종로구";37.5892;127.002
"종로구";37.5861;127.007
"종로구";37.5824;127.007
"종로구";37.5805;127.009
"종로구";37.5803;127.011
"종로구";37.5823;127.015
"종로구";37.5817;127.017
"종로구";37.5776;127.018
"종로구";37.5789;127.021
"종로구";37.578;127.023
"종로구";37.5719;127.023
"종로구";37.5697;127.015
"종로구";37.5696;127.002
"종로구";37.5681;126.99
"종로구";37.5693;126.973
"종로구";37.5682;126.969
"종로구";37.5658;126.967
"종로구";37.5787;126.954
"종로구";37.581;126.958
"종로구";37.5935;126.958
"종로구";37.5951;126.959
"종로구";37.5983;126.958
"종로구";37.5988;126.953
"종로구";37.6025;126.952
"종로구";37.6051;126.954
"종로구";37.6091;126.95
"종로구";37.6155;126.951
"종로구";37.6243;126.949
"종로구";37.6264;126.95
"종로구";37.6296;126.959
"종로구";37.6298;126.964
"종로구";37.6324;126.973
"종로구";37.6318;126.975
"서대문구";37.5985;126.953
"서대문구";37.5992;126.955
"서대문구";37.5983;126.958
"서대문구";37.5951;126.959
"서대문구";37.5935;126.958
"서대문구";37.581;126.958
"서대문구";37.5787;126.954
"서대문구";37.562;126.969
"서대문구";37.5575;126.96
"서대문구";37.5565;126.941
"서대문구";37.5551;126.937
"서대문구";37.5588;126.927
"서대문구";37.5633;126.928
"서대문구";37.5651;126.926
"서대문구";37.5708;126.91
"서대문구";37.576;126.902
"서대문구";37.5872;126.913
"서대문구";37.5854;126.915
"서대문구";37.5859;126.916
"서대문구";37.5831;126.916
"서대문구";37.5835;126.922
"서대문구";37.5871;126.924
"서대문구";37.5884;126.928
"서대문구";37.5916;126.928
"서대문구";37.5946;126.93
"서대문구";37.5987;126.941
"서대문구";37.6007;126.941
"서대문구";37.6031;126.94
"서대문구";37.6106;126.95
"서대문구";37.6084;126.951
"서대문구";37.6051;126.954
"서대문구";37.6025;126.952
"서대문구";37.5985;126.953
"동대문구";37.6071;127.071
"동대문구";37.6011;127.073
"동대문구";37.5972;127.069
"동대문구";37.5895;127.07
"동대문구";37.5865;127.073
"동대문구";37.585;127.072
"동대문구";37.5803;127.076
"동대문구";37.5719;127.078
"동대문구";37.56;127.072
"동대문구";37.5623;127.059
"동대문구";37.5704;127.048
"동대문구";37.5729;127.043
"동대문구";37.573;127.038
"동대문구";37.5698;127.031
"동대문구";37.5719;127.023
"동대문구";37.5784;127.023
"동대문구";37.5827;127.03
"동대문구";37.5889;127.036
"동대문구";37.5912;127.036
"동대문구";37.5913;127.039
"동대문구";37.5957;127.041
"동대문구";37.597;127.043
"동대문구";37.5962;127.047
"동대문구";37.6012;127.051
"동대문구";37.6002;127.052
"동대문구";37.6013;127.055
"동대문구";37.6011;127.059
"동대문구";37.6051;127.062
"동대문구";37.6071;127.071
"성북구";37.6366;126.984
"성북구";37.6314;126.994
"성북구";37.6262;126.999
"성북구";37.6238;127.005
"성북구";37.624;127.008
"성북구";37.6205;127.007
"성북구";37.6168;127.01
"성북구";37.6147;127.015
"성북구";37.6146;127.018
"성북구";37.6114;127.022
"성북구";37.6127;127.026
"성북구";37.6124;127.03
"성북구";37.609;127.03
"성북구";37.6128;127.037
"성북구";37.6243;127.05
"성북구";37.6145;127.062
"성북구";37.6156;127.07
"성북구";37.6135;127.072
"성북구";37.6076;127.071
"성북구";37.6051;127.062
"성북구";37.6011;127.059
"성북구";37.6013;127.055
"성북구";37.6002;127.052
"성북구";37.6012;127.051
"성북구";37.5962;127.047
"성북구";37.5964;127.042
"성북구";37.5913;127.039
"성북구";37.5912;127.036
"성북구";37.5889;127.036
"성북구";37.5827;127.03
"성북구";37.5778;127.023
"성북구";37.5789;127.022
"성북구";37.5776;127.018
"성북구";37.5817;127.017
"성북구";37.5823;127.015
"성북구";37.5803;127.011
"성북구";37.5805;127.009
"성북구";37.5824;127.007
"성북구";37.5861;127.007
"성북구";37.5892;127.002
"성북구";37.5923;127.001
"성북구";37.5913;126.989
"성북구";37.5945;126.985
"성북구";37.5979;126.977
"성북구";37.601;126.979
"성북구";37.6045;126.987
"성북구";37.6114;126.986
"성북구";37.614;126.987
"성북구";37.6178;126.984
"성북구";37.6212;126.984
"성북구";37.6264;126.98
"성북구";37.6286;126.98
"성북구";37.6298;126.975
"성북구";37.6337;126.977
"성북구";37.6348;126.982
"성북구";37.6378;126.985
"성북구";37.6366;126.984
"성동구";37.5728;127.042
"성동구";37.5704;127.048
"성동구";37.5623;127.059
"성동구";37.5594;127.074
"성동구";37.5283;127.056
"성동구";37.5342;127.046
"성동구";37.5358;127.04
"성동구";37.5358;127.021
"성동구";37.5338;127.017
"성동구";37.5377;127.017
"성동구";37.5394;127.01
"성동구";37.5416;127.009
"성동구";37.545;127.008
"성동구";37.5475;127.009
"성동구";37.5526;127.016
"성동구";37.5569;127.018
"성동구";37.5578;127.023
"성동구";37.5607;127.023
"성동구";37.5634;127.027
"성동구";37.5651;127.027
"성동구";37.5652;127.024
"성동구";37.5719;127.023
"성동구";37.5698;127.031
"성동구";37.573;127.038
"성동구";37.5728;127.042
"마포구";37.5847;126.889
"마포구";37.5708;126.91
"마포구";37.5651;126.926
"마포구";37.5633;126.928
"마포구";37.5588;126.927
"마포구";37.5568;126.932
"마포구";37.5551;126.937
"마포구";37.5565;126.941
"마포구";37.5572;126.959
"마포구";37.5591;126.962
"마포구";37.5582;126.963
"마포구";37.5548;126.962
"마포구";37.5488;126.964
"마포구";37.5455;126.958
"마포구";37.5423;126.958
"마포구";37.5395;126.956
"마포구";37.5363;126.951
"마포구";37.5357;126.946
"마포구";37.5338;126.945
"마포구";37.5414;126.93
"마포구";37.539;126.927
"마포구";37.5414;126.922
"마포구";37.5414;126.905
"마포구";37.548;126.899
"마포구";37.563;126.866
"마포구";37.5718;126.854
"마포구";37.5738;126.854
"마포구";37.5775;126.865
"마포구";37.5782;126.876
"마포구";37.5798;126.878
"마포구";37.5844;126.877
"마포구";37.5908;126.882
"마포구";37.5847;126.889
"중랑구";37.5975;127.07
"중랑구";37.597;127.07
"중랑구";37.5961;127.07
"중랑구";37.5953;127.07
"중랑구";37.5945;127.07
"중랑구";37.5935;127.07
"중랑구";37.5929;127.07
"중랑구";37.5925;127.07
"중랑구";37.5891;127.071
"중랑구";37.5816;127.077
"중랑구";37.5719;127.078
"중랑구";37.5703;127.089
"중랑구";37.5693;127.091
"중랑구";37.5722;127.094
"중랑구";37.5726;127.098
"중랑구";37.5737;127.099
"중랑구";37.5726;127.098
"중랑구";37.5737;127.099
"중랑구";37.5754;127.103
"중랑구";37.5777;127.104
"중랑구";37.5801;127.106
"중랑구";37.5807;127.108
"중랑구";37.5846;127.11
"중랑구";37.5863;127.108
"중랑구";37.5877;127.111
"중랑구";37.5885;127.112
"중랑구";37.5908;127.109
"중랑구";37.5938;127.111
"중랑구";37.5939;127.112
"중랑구";37.5921;127.114
"중랑구";37.592;127.118
"중랑구";37.5924;127.119
"중랑구";37.5957;127.116
"중랑구";37.599;127.114
"중랑구";37.5989;127.114
"중랑구";37.6004;127.114
"중랑구";37.6079;127.119
"중랑구";37.6195;127.121
"중랑구";37.6205;127.112
"중랑구";37.6186;127.102
"중랑구";37.6202;127.098
"중랑구";37.6172;127.093
"중랑구";37.6201;127.085
"중랑구";37.6159;127.071
"중랑구";37.614;127.071
"중랑구";37.609;127.072
"중랑구";37.6016;127.072
"중랑구";37.597;127.07
"중랑구";37.5978;127.07
"은평구";37.594;126.886
"은평구";37.5908;126.882
"은평구";37.5761;126.902
"은평구";37.587;126.913
"은평구";37.5856;126.916
"은평구";37.5833;126.916
"은평구";37.5835;126.922
"은평구";37.5872;126.924
"은평구";37.5871;126.926
"은평구";37.5871;126.926
"은평구";37.5888;126.929
"은평구";37.5892;126.927
"은평구";37.5954;126.93
"은평구";37.5986;126.941
"은평구";37.6052;126.942
"은평구";37.6117;126.949
"은평구";37.6234;126.945
"은평구";37.6327;126.956
"은평구";37.632;126.965
"은평구";37.6365;126.968
"은평구";37.6464;126.956
"은평구";37.6555;126.954
"은평구";37.6551;126.952
"은평구";37.6576;126.947
"은평구";37.659;126.948
"은평구";37.6564;126.94
"은평구";37.6512;126.935
"은평구";37.6462;126.924
"은평구";37.645;126.913
"은평구";37.6493;126.905
"은평구";37.6491;126.905
"은평구";37.6444;126.912
"은평구";37.6423;126.911
"은평구";37.641;126.909
"은평구";37.6366;126.909
"은평구";37.6315;126.905
"은평구";37.6293;126.907
"은평구";37.6192;126.905
"은평구";37.6167;126.901
"은평구";37.6133;126.902
"은평구";37.6093;126.9
"은평구";37.5969;126.901
"은평구";37.5888;126.897
"은평구";37.5886;126.89
"은평구";37.5887;126.888
"은평구";37.5908;126.886
"은평구";37.5936;126.887
"은평구";37.594;126.885
"은평구";37.5909;126.882
"영등포구";37.4851;126.903
"영등포구";37.4964;126.912
"영등포구";37.4977;126.92
"영등포구";37.5126;126.925
"영등포구";37.5127;126.927
"영등포구";37.5154;126.927
"영등포구";37.5182;126.949
"영등포구";37.5323;126.947
"영등포구";37.5399;126.933
"영등포구";37.5411;126.907
"영등포구";37.5565;126.882
"영등포구";37.5544;126.88
"영등포구";37.5552;126.878
"영등포구";37.5536;126.877
"영등포구";37.5299;126.891
"영등포구";37.5297;126.891
"영등포구";37.5306;126.89
"영등포구";37.531;126.887
"영등포구";37.5273;126.88
"영등포구";37.5192;126.879
"영등포구";37.5122;126.888
"영등포구";37.5048;126.894
"영등포구";37.505;126.894
"영등포구";37.4931;126.895
"영등포구";37.487;126.898
"영등포구";37.4853;126.902
"영등포구";37.4851;126.903
"양천구";37.5474;126.829
"양천구";37.5467;126.827
"양천구";37.5414;126.825
"양천구";37.5412;126.824
"양천구";37.5415;126.822
"양천구";37.5412;126.821
"양천구";37.5403;126.821
"양천구";37.5386;126.822
"양천구";37.536;126.822
"양천구";37.5336;126.823
"양천구";37.5298;126.826
"양천구";37.5299;126.827
"양천구";37.5259;126.829
"양천구";37.523;126.825
"양천구";37.5186;126.825
"양천구";37.5186;126.824
"양천구";37.5156;126.823
"양천구";37.5129;126.825
"양천구";37.5116;126.823
"양천구";37.5089;126.827
"양천구";37.5079;126.831
"양천구";37.505;126.832
"양천구";37.5037;126.834
"양천구";37.5037;126.834
"양천구";37.5095;126.859
"양천구";37.5072;126.862
"양천구";37.5049;126.868
"양천구";37.506;126.87
"양천구";37.5054;126.872
"양천구";37.5043;126.872
"양천구";37.5037;126.873
"양천구";37.5135;126.879
"양천구";37.5254;126.88
"양천구";37.5272;126.881
"양천구";37.5275;126.883
"양천구";37.531;126.888
"양천구";37.5298;126.89
"양천구";37.5299;126.891
"양천구";37.532;126.889
"양천구";37.5347;126.89
"양천구";37.5481;126.88
"양천구";37.547;126.878
"양천구";37.547;126.872
"양천구";37.5512;126.864
"양천구";37.5437;126.862
"양천구";37.5296;126.864
"양천구";37.5264;126.84
"양천구";37.5363;126.834
"양천구";37.537;126.835
"양천구";37.5421;126.832
"양천구";37.5419;126.831
"양천구";37.5461;126.831
"양천구";37.5473;126.829
"양천구";37.5467;126.827
"송파구";37.5223;127.07
"송파구";37.5205;127.067
"송파구";37.5026;127.071
"송파구";37.501;127.082
"송파구";37.494;127.101
"송파구";37.4918;127.106
"송파구";37.4662;127.124
"송파구";37.4661;127.125
"송파구";37.4668;127.124
"송파구";37.4694;127.125
"송파구";37.4686;127.127
"송파구";37.4679;127.13
"송파구";37.4694;127.135
"송파구";37.4718;127.13
"송파구";37.4758;127.131
"송파구";37.4727;127.139
"송파구";37.478;127.146
"송파구";37.482;127.15
"송파구";37.4865;127.152
"송파구";37.4871;127.154
"송파구";37.4998;127.161
"송파구";37.5033;127.158
"송파구";37.5025;127.157
"송파구";37.5033;127.151
"송파구";37.5051;127.151
"송파구";37.5049;127.15
"송파구";37.503;127.148
"송파구";37.5046;127.142
"송파구";37.5087;127.14
"송파구";37.5126;127.141
"송파구";37.5129;127.143
"송파구";37.5132;127.143
"송파구";37.5154;127.14
"송파구";37.5159;127.14
"송파구";37.5163;127.145
"송파구";37.5165;127.145
"송파구";37.5275;127.119
"송파구";37.5385;127.123
"송파구";37.5431;127.112
"송파구";37.5415;127.108
"송파구";37.5198;127.078
"송파구";37.5205;127.072
"송파구";37.5223;127.07
"송파구";37.5223;127.069
"서초구";37.5259;127.012
"서초구";37.509;126.987
"서초구";37.5055;126.985
"서초구";37.5058;126.983
"서초구";37.5066;126.982
"서초구";37.5064;126.981
"서초구";37.5051;126.981
"서초구";37.5048;126.98
"서초구";37.5025;126.981
"서초구";37.4997;126.986
"서초구";37.4971;126.983
"서초구";37.4761;126.982
"서초구";37.4646;126.989
"서초구";37.4594;126.988
"서초구";37.4592;126.989
"서초구";37.4608;126.99
"서초구";37.4627;126.996
"서초구";37.4672;126.997
"서초구";37.4686;127.001
"서초구";37.4664;127.006
"서초구";37.4652;127.004
"서초구";37.4556;127.011
"서초구";37.4552;127.016
"서초구";37.4564;127.017
"서초구";37.4561;127.02
"서초구";37.4568;127.022
"서초구";37.4582;127.026
"서초구";37.4605;127.028
"서초구";37.4666;127.03
"서초구";37.4642;127.035
"서초구";37.4613;127.035
"서초구";37.4551;127.038
"서초구";37.4532;127.035
"서초구";37.4526;127.035
"서초구";37.4519;127.037
"서초구";37.4424;127.036
"서초구";37.4408;127.037
"서초구";37.4371;127.036
"서초구";37.4358;127.039
"서초구";37.4264;127.044
"서초구";37.4263;127.047
"서초구";37.4292;127.053
"서초구";37.4289;127.055
"서초구";37.4282;127.056
"서초구";37.4286;127.057
"서초구";37.4302;127.061
"서초구";37.4291;127.063
"서초구";37.429;127.066
"서초구";37.431;127.068
"서초구";37.4305;127.071
"서초구";37.4305;127.071
"서초구";37.4325;127.07
"서초구";37.4424;127.073
"서초구";37.443;127.083
"서초구";37.4479;127.089
"서초구";37.4512;127.089
"서초구";37.4537;127.092
"서초구";37.4559;127.092
"서초구";37.4576;127.094
"서초구";37.4585;127.094
"서초구";37.4604;127.093
"서초구";37.4717;127.083
"서초구";37.4727;127.078
"서초구";37.4704;127.068
"서초구";37.4682;127.067
"서초구";37.468;127.064
"서초구";37.4699;127.062
"서초구";37.4671;127.053
"서초구";37.47;127.049
"서초구";37.4713;127.05
"서초구";37.485;127.041
"서초구";37.4842;127.034
"서초구";37.522;127.018
"서초구";37.5233;127.014
"서초구";37.5254;127.013
"서초구";37.526;127.012
"동작구";37.4767;126.982
"동작구";37.4974;126.983
"동작구";37.4996;126.985
"동작구";37.4998;126.985
"동작구";37.5032;126.98
"동작구";37.5064;126.981
"동작구";37.5182;126.949
"동작구";37.5151;126.927
"동작구";37.5127;126.927
"동작구";37.5125;126.925
"동작구";37.4975;126.92
"동작구";37.4961;126.912
"동작구";37.4851;126.904
"동작구";37.485;126.906
"동작구";37.4902;126.916
"동작구";37.4901;126.924
"동작구";37.4952;126.928
"동작구";37.4923;126.937
"동작구";37.4927;126.944
"동작구";37.4944;126.946
"동작구";37.4938;126.949
"동작구";37.4908;126.954
"동작구";37.4909;126.955
"동작구";37.4915;126.955
"동작구";37.4915;126.957
"동작구";37.494;126.96
"동작구";37.4932;126.962
"동작구";37.4803;126.965
"동작구";37.4757;126.971
"동작구";37.4766;126.981
"동작구";37.4766;126.982
"도봉구";37.6979;127.006
"도봉구";37.6893;127.006
"도봉구";37.6861;127.004
"도봉구";37.6837;127.005
"도봉구";37.6754;127.011
"도봉구";37.6722;127.016
"도봉구";37.6681;127.019
"도봉구";37.6671;127.016
"도봉구";37.6661;127.016
"도봉구";37.6655;127.016
"도봉구";37.6637;127.015
"도봉구";37.6619;127.017
"도봉구";37.6614;127.016
"도봉구";37.6616;127.015
"도봉구";37.6508;127.013
"도봉구";37.6492;127.016
"도봉구";37.6487;127.018
"도봉구";37.6491;127.021
"도봉구";37.6479;127.023
"도봉구";37.6477;127.024
"도봉구";37.642;127.033
"도봉구";37.6374;127.035
"도봉구";37.6359;127.038
"도봉구";37.6321;127.04
"도봉구";37.6308;127.042
"도봉구";37.631;127.042
"도봉구";37.6322;127.042
"도봉구";37.6319;127.042
"도봉구";37.6333;127.044
"도봉구";37.639;127.046
"도봉구";37.6447;127.051
"도봉구";37.6402;127.055
"도봉구";37.6414;127.056
"도봉구";37.642;127.055
"도봉구";37.6468;127.056
"도봉구";37.6503;127.054
"도봉구";37.6554;127.054
"도봉구";37.6648;127.051
"도봉구";37.6719;127.048
"도봉구";37.685;127.052
"도봉구";37.6879;127.05
"도봉구";37.6915;127.05
"도봉구";37.6938;127.049
"도봉구";37.6937;127.048
"도봉구";37.6927;127.047
"도봉구";37.6922;127.045
"도봉구";37.6954;127.041
"도봉구";37.6943;127.039
"도봉구";37.6926;127.039
"도봉구";37.6912;127.035
"도봉구";37.6917;127.033
"도봉구";37.6972;127.03
"도봉구";37.7006;127.025
"도봉구";37.7002;127.022
"도봉구";37.7016;127.016
"도봉구";37.6984;127.009
"도봉구";37.6986;127.007
"도봉구";37.6985;127.006
"도봉구";37.6981;127.005
"강남구";37.5245;127.015
"강남구";37.5217;127.018
"강남구";37.5129;127.02
"강남구";37.4845;127.034
"강남구";37.4855;127.041
"강남구";37.4773;127.045
"강남구";37.4715;127.051
"강남구";37.47;127.049
"강남구";37.4695;127.051
"강남구";37.4678;127.051
"강남구";37.469;127.056
"강남구";37.4693;127.063
"강남구";37.4719;127.073
"강남구";37.4751;127.077
"강남구";37.4756;127.085
"강남구";37.4712;127.085
"강남구";37.4657;127.091
"강남구";37.4623;127.092
"강남구";37.4616;127.095
"강남구";37.4564;127.095
"강남구";37.4563;127.098
"강남구";37.4601;127.104
"강남구";37.4621;127.104
"강남구";37.4626;127.106
"강남구";37.4616;127.112
"강남구";37.4597;127.114
"강남구";37.4586;127.117
"강남구";37.4621;127.117
"강남구";37.4665;127.124
"강남구";37.4903;127.107
"강남구";37.4967;127.095
"강남구";37.5021;127.077
"강남구";37.5025;127.07
"강남구";37.5248;127.067
"강남구";37.5296;127.055
"강남구";37.5342;127.047
"강남구";37.5359;127.04
"강남구";37.5353;127.022
"강남구";37.531;127.015
"강남구";37.5258;127.009
"강남구";37.5223;127.013
"강동구";37.5433;127.109
"강동구";37.5433;127.112
"강동구";37.5386;127.123
"강동구";37.528;127.119
"강동구";37.5173;127.144
"강동구";37.5216;127.145
"강동구";37.5223;127.148
"강동구";37.5254;127.149
"강동구";37.5294;127.153
"강동구";37.5342;127.154
"강동구";37.5451;127.163
"강동구";37.5443;127.167
"강동구";37.5455;127.167
"강동구";37.5452;127.176
"강동구";37.5466;127.179
"강동구";37.5454;127.184
"강동구";37.5463;127.183
"강동구";37.5516;127.183
"강동구";37.5529;127.181
"강동구";37.5611;127.182
"강동구";37.5771;127.175
"강동구";37.5811;127.177
"강동구";37.5793;127.172
"강동구";37.5798;127.166
"강동구";37.5683;127.149
"강동구";37.5688;127.137
"강동구";37.5667;127.131
"강동구";37.558;127.116
"강동구";37.5488;127.113
"강북구";37.6092;127.03
"강북구";37.6127;127.037
"강북구";37.6241;127.049
"강북구";37.6277;127.047
"강북구";37.6323;127.04
"강북구";37.642;127.032
"강북구";37.6488;127.022
"강북구";37.6486;127.017
"강북구";37.651;127.013
"강북구";37.6619;127.015
"강북구";37.6613;127.016
"강북구";37.6624;127.017
"강북구";37.664;127.016
"강북구";37.6682;127.016
"강북구";37.6711;127.018
"강북구";37.6762;127.012
"강북구";37.6779;127.012
"강북구";37.6792;127.009
"강북구";37.6839;127.008
"강북구";37.6846;127.005
"강북구";37.6836;127.002
"강북구";37.6843;127.002
"강북구";37.6834;126.998
"강북구";37.6788;126.993
"강북구";37.675;126.994
"강북구";37.667;126.994
"강북구";37.6643;126.99
"강북구";37.66;126.987
"강북구";37.6566;126.985
"강북구";37.6559;126.98
"강북구";37.6461;126.989
"강북구";37.6435;126.984
"강북구";37.6416;126.985
"강북구";37.6362;126.984
"강북구";37.6299;126.995
"강북구";37.6262;127.001
"강북구";37.6243;127.006
"강북구";37.6243;127.006
"강북구";37.6161;127.011
"강북구";37.6145;127.018
"강북구";37.6113;127.022
"강북구";37.6127;127.026
"강북구";37.6123;127.03
"강서구";37.5511;126.864
"강서구";37.547;126.872
"강서구";37.5477;126.88
"강서구";37.5534;126.878
"강서구";37.5533;126.879
"강서구";37.5568;126.881
"강서구";37.5662;126.863
"강서구";37.5787;126.843
"강서구";37.5848;126.834
"강서구";37.5957;126.818
"강서구";37.6049;126.803
"강서구";37.6025;126.8
"강서구";37.5976;126.797
"강서구";37.5953;126.798
"강서구";37.5926;126.801
"강서구";37.5924;126.799
"강서구";37.5913;126.799
"강서구";37.5895;126.801
"강서구";37.5884;126.801
"강서구";37.5879;126.799
"강서구";37.5831;126.796
"강서구";37.5851;126.795
"강서구";37.5825;126.795
"강서구";37.5843;126.793
"강서구";37.5769;126.793
"강서구";37.5813;126.791
"강서구";37.5778;126.791
"강서구";37.5768;126.789
"강서구";37.5755;126.789
"강서구";37.5761;126.788
"강서구";37.5735;126.782
"강서구";37.5713;126.781
"강서구";37.5705;126.783
"강서구";37.5704;126.781
"강서구";37.5692;126.782
"강서구";37.5675;126.78
"강서구";37.5682;126.779
"강서구";37.566;126.776
"강서구";37.5681;126.775
"강서구";37.5676;126.775
"강서구";37.56;126.778
"강서구";37.562;126.776
"강서구";37.5586;126.772
"강서구";37.5575;126.773
"강서구";37.557;126.772
"강서구";37.5568;126.766
"강서구";37.5553;126.765
"강서구";37.5548;126.766
"강서구";37.5542;126.766
"강서구";37.5543;126.767
"강서구";37.5519;126.768
"강서구";37.5512;126.77
"강서구";37.5484;126.772
"강서구";37.549;126.775
"강서구";37.5467;126.778
"강서구";37.546;126.787
"강서구";37.5436;126.792
"강서구";37.5419;126.792
"강서구";37.5414;126.795
"강서구";37.5398;126.793
"강서구";37.5359;126.794
"강서구";37.5377;126.799
"강서구";37.5403;126.799
"강서구";37.5408;126.801
"강서구";37.5415;126.8
"강서구";37.5436;126.807
"강서구";37.5407;126.813
"강서구";37.5407;126.822
"강서구";37.5421;126.826
"강서구";37.548;126.828
"강서구";37.548;126.83
"강서구";37.5414;126.83
"강서구";37.5418;126.833
"강서구";37.5374;126.835
"강서구";37.5364;126.834
"강서구";37.5264;126.84
"강서구";37.5298;126.864
"강서구";37.5409;126.864
"강서구";37.5441;126.862
"관악구";37.4363;126.941
"관악구";37.4389;126.949
"관악구";37.4387;126.955
"관악구";37.4391;126.959
"관악구";37.4404;126.96
"관악구";37.4403;126.963
"관악구";37.4421;126.965
"관악구";37.4462;126.964
"관악구";37.4494;126.971
"관악구";37.4541;126.975
"관악구";37.458;126.989
"관악구";37.4675;126.987
"관악구";37.4702;126.984
"관악구";37.4765;126.982
"관악구";37.4753;126.969
"관악구";37.4838;126.961
"관악구";37.4888;126.962
"관악구";37.4939;126.96
"관악구";37.4899;126.953
"관악구";37.4938;126.949
"관악구";37.4917;126.937
"관악구";37.4949;126.928
"관악구";37.4901;126.924
"관악구";37.4899;126.917
"관악구";37.4858;126.91
"관악구";37.4848;126.903
"관악구";37.479;126.899
"관악구";37.4809;126.91
"관악구";37.4788;126.908
"관악구";37.4776;126.912
"관악구";37.4745;126.912
"관악구";37.4731;126.908
"관악구";37.4688;126.91
"관악구";37.4668;126.914
"관악구";37.458;126.915
"관악구";37.4566;126.922
"관악구";37.4529;126.925
"관악구";37.4502;126.929
"관악구";37.4462;126.93
"관악구";37.4403;126.938
"광진구";37.5283;127.056
"광진구";37.5231;127.069
"광진구";37.5223;127.08
"광진구";37.5268;127.09
"광진구";37.5411;127.109
"광진구";37.5567;127.115
"광진구";37.5569;127.114
"광진구";37.5585;127.114
"광진구";37.5589;127.112
"광진구";37.5579;127.103
"광진구";37.5614;127.101
"광진구";37.5625;127.1
"광진구";37.5711;127.104
"광진구";37.5726;127.101
"광진구";37.5739;127.1
"광진구";37.5723;127.098
"광진구";37.5693;127.091
"광진구";37.5702;127.089
"광진구";37.5718;127.078
"광진구";37.56;127.072
"광진구";37.5594;127.074
"구로구";37.4849;126.903
"구로구";37.4869;126.898
"구로구";37.489;126.896
"구로구";37.5026;126.893
"구로구";37.505;126.894
"구로구";37.5098;126.892
"구로구";37.5122;126.89
"구로구";37.5143;126.884
"구로구";37.518;126.88
"구로구";37.5165;126.878
"구로구";37.5131;126.879
"구로구";37.5134;126.877
"구로구";37.5107;126.874
"구로구";37.5112;126.875
"구로구";37.5105;126.876
"구로구";37.5104;126.875
"구로구";37.5095;126.876
"구로구";37.5089;126.874
"구로구";37.5077;126.875
"구로구";37.5046;126.874
"구로구";37.5058;126.87
"구로구";37.5048;126.868
"구로구";37.505;126.863
"구로구";37.5067;126.863
"구로구";37.5081;126.864
"구로구";37.5067;126.86
"구로구";37.5098;126.858
"구로구";37.5092;126.855
"구로구";37.5103;126.853
"구로구";37.5087;126.847
"구로구";37.5062;126.845
"구로구";37.5057;126.841
"구로구";37.5032;126.834
"구로구";37.5049;126.832
"구로구";37.508;126.831
"구로구";37.5086;126.827
"구로구";37.5077;126.823
"구로구";37.5024;126.821
"구로구";37.5012;126.819
"구로구";37.4995;126.82
"구로구";37.4975;126.816
"구로구";37.4979;126.813
"구로구";37.4956;126.813
"구로구";37.4933;126.814
"구로구";37.49;126.823
"구로구";37.4875;126.823
"구로구";37.4855;126.819
"구로구";37.48;126.819
"구로구";37.475;126.815
"구로구";37.4736;126.818
"구로구";37.4766;126.82
"구로구";37.4764;126.822
"구로구";37.4755;126.822
"구로구";37.4765;126.824
"구로구";37.4763;126.828
"구로구";37.4774;126.832
"구로구";37.4757;126.835
"구로구";37.4746;126.835
"구로구";37.4755;126.838
"구로구";37.4746;126.844
"구로구";37.4736;126.845
"구로구";37.4816;126.846
"구로구";37.482;126.852
"구로구";37.4934;126.867
"구로구";37.4943;126.867
"구로구";37.4952;126.868
"구로구";37.4944;126.87
"구로구";37.4928;126.87
"구로구";37.4915;126.874
"구로구";37.4902;126.874
"구로구";37.4899;126.873
"구로구";37.4887;126.872
"구로구";37.4886;126.877
"구로구";37.4855;126.875
"구로구";37.4868;126.879
"구로구";37.4798;126.889
"구로구";37.4788;126.895
"구로구";37.4792;126.899
"금천구";37.4342;126.903
"금천구";37.4338;126.909
"금천구";37.439;126.913
"금천구";37.4408;126.92
"금천구";37.4443;126.921
"금천구";37.4494;126.93
"금천구";37.4526;126.93
"금천구";37.4543;126.925
"금천구";37.4564;126.922
"금천구";37.4567;126.914
"금천구";37.4624;126.913
"금천구";37.4687;126.91
"금천구";37.4728;126.909
"금천구";37.4745;126.911
"금천구";37.4775;126.911
"금천구";37.4789;126.909
"금천구";37.4808;126.91
"금천구";37.4785;126.896
"금천구";37.4792;126.89
"금천구";37.4865;126.879
"금천구";37.4851;126.874
"금천구";37.4867;126.872
"금천구";37.485;126.872
"금천구";37.484;126.873
"금천구";37.4826;126.873
"금천구";37.4677;126.883
"금천구";37.4659;126.885
"금천구";37.4644;126.883
"금천구";37.4628;126.884
"금천구";37.463;126.887
"금천구";37.4609;126.889
"금천구";37.4604;126.886
"금천구";37.4566;126.887
"금천구";37.455;126.889
"금천구";37.4526;126.89
"금천구";37.4528;126.894
"금천구";37.448;126.896
"금천구";37.4481;126.895
"금천구";37.4467;126.895
"금천구";37.4456;126.897
"금천구";37.4398;126.9
"금천구";37.4387;126.899
"금천구";37.4357;126.903
"노원구";37.6143;127.062
"노원구";37.6155;127.07
"노원구";37.6202;127.086
"노원구";37.6202;127.089
"노원구";37.618;127.093
"노원구";37.6202;127.098
"노원구";37.6202;127.104
"노원구";37.6216;127.103
"노원구";37.6278;127.105
"노원구";37.6321;127.112
"노원구";37.6352;127.112
"노원구";37.6389;127.11
"노원구";37.6405;127.112
"노원구";37.642;127.111
"노원구";37.645;127.106
"노원구";37.644;127.099
"노원구";37.6455;127.094
"노원구";37.6493;127.092
"노원구";37.6527;127.093
"노원구";37.6588;127.09
"노원구";37.6619;127.092
"노원구";37.6666;127.091
"노원구";37.6701;127.095
"노원구";37.6794;127.092
"노원구";37.6855;127.096
"노원구";37.689;127.096
"노원구";37.69;127.085
"노원구";37.6942;127.083
"노원구";37.6959;127.081
"노원구";37.6939;127.074
"노원구";37.6931;127.069
"노원구";37.6936;127.063
"노원구";37.6903;127.06
"노원구";37.6872;127.052
"노원구";37.683;127.052
"노원구";37.6704;127.049
"노원구";37.6555;127.054
"노원구";37.6405;127.056
"노원구";37.6399;127.055
"노원구";37.6445;127.051
"노원구";37.6421;127.05
"노원구";37.6392;127.046
"노원구";37.6339;127.044
"노원구";37.6316;127.042
